{
  "best_prec_at_rec": 0.46722895608945686,
  "best_cv_ap": 0.3571388448796268,
  "best_params": {
    "clf__C": 506.1576888752306
  }
}